Datetime,Water Level (m)
2026-01-02 00:00:00,-1.0086358
2026-01-02 01:00:00,-1.249151
2026-01-02 02:00:00,-1.3245107
2026-01-02 03:00:00,-0.69613117
2026-01-02 04:00:00,0.14250697
2026-01-02 05:00:00,0.48614484
2026-01-02 06:00:00,0.5304735
2026-01-02 07:00:00,0.45826918
2026-01-02 08:00:00,0.1872542
2026-01-02 09:00:00,-0.22446507
2026-01-02 10:00:00,-0.6194083
2026-01-02 11:00:00,-0.9221593
2026-01-02 12:00:00,-1.201894
2026-01-02 13:00:00,-1.422857
2026-01-02 14:00:00,-1.4077524
2026-01-02 15:00:00,-0.37507847
2026-01-02 16:00:00,0.49945554
2026-01-02 17:00:00,0.83675367
2026-01-02 18:00:00,1.110026
2026-01-02 19:00:00,1.2216365
2026-01-02 20:00:00,1.0867593
2026-01-02 21:00:00,0.6054864
2026-01-02 22:00:00,0.10464981
2026-01-02 23:00:00,-0.32743812
2026-01-03 00:00:00,-0.7231895
2026-01-03 01:00:00,-1.0767429
2026-01-03 02:00:00,-1.3525654
2026-01-03 03:00:00,-1.4801006
2026-01-03 04:00:00,-0.623616
2026-01-03 05:00:00,0.33215156
2026-01-03 06:00:00,0.65990037
2026-01-03 07:00:00,0.67274743
2026-01-03 08:00:00,0.51053613
2026-01-03 09:00:00,0.16368546
2026-01-03 10:00:00,-0.27618194
2026-01-03 11:00:00,-0.65765536
2026-01-03 12:00:00,-0.9611356
2026-01-03 13:00:00,-1.24165
2026-01-03 14:00:00,-1.461129
2026-01-03 15:00:00,-1.4236364
2026-01-03 16:00:00,-0.31195104
2026-01-03 17:00:00,0.60640395
2026-01-03 18:00:00,0.9746757
2026-01-03 19:00:00,1.2440182
2026-01-03 20:00:00,1.2775255
2026-01-03 21:00:00,1.010535
2026-01-03 22:00:00,0.46577942
2026-01-03 23:00:00,-0.021901175
2026-01-04 00:00:00,-0.43685502
2026-01-04 01:00:00,-0.8371018
2026-01-04 02:00:00,-1.16353
2026-01-04 03:00:00,-1.4174588
2026-01-04 04:00:00,-1.4683409
2026-01-04 05:00:00,-0.38433638
2026-01-04 06:00:00,0.5000545
2026-01-04 07:00:00,0.7255337
2026-01-04 08:00:00,0.713816
2026-01-04 09:00:00,0.4860281
2026-01-04 10:00:00,0.10463271
2026-01-04 11:00:00,-0.33733094
2026-01-04 12:00:00,-0.7182672
2026-01-04 13:00:00,-1.0122377
2026-01-04 14:00:00,-1.2965407
2026-01-04 15:00:00,-1.5047903
2026-01-04 16:00:00,-1.3542299
2026-01-04 17:00:00,-0.14604937
2026-01-04 18:00:00,0.7104037
2026-01-04 19:00:00,1.0427067
2026-01-04 20:00:00,1.2485976
2026-01-04 21:00:00,1.1775016
2026-01-04 22:00:00,0.7994069
2026-01-04 23:00:00,0.25863084
2026-01-05 00:00:00,-0.19829084
2026-01-05 01:00:00,-0.5899065
2026-01-05 02:00:00,-0.9741237
2026-01-05 03:00:00,-1.2854047
2026-01-05 04:00:00,-1.5039821
2026-01-05 05:00:00,-1.3611007
2026-01-05 06:00:00,-0.12699625
2026-01-05 07:00:00,0.6074631
2026-01-05 08:00:00,0.729387
2026-01-05 09:00:00,0.6805311
2026-01-05 10:00:00,0.40813363
2026-01-05 11:00:00,0.013853564
2026-01-05 12:00:00,-0.4165819
2026-01-05 13:00:00,-0.77361095
2026-01-05 14:00:00,-1.0694528
2026-01-05 15:00:00,-1.3414525
2026-01-05 16:00:00,-1.5190321
2026-01-05 17:00:00,-1.1154189
2026-01-05 18:00:00,0.079866335
2026-01-05 19:00:00,0.78525484
2026-01-05 20:00:00,1.0712881
2026-01-05 21:00:00,1.1866769
2026-01-05 22:00:00,1.0065869
2026-01-05 23:00:00,0.5453064
2026-01-06 00:00:00,0.02637727
2026-01-06 01:00:00,-0.39164618
2026-01-06 02:00:00,-0.7732056
2026-01-06 03:00:00,-1.1247596
2026-01-06 04:00:00,-1.4055465
2026-01-06 05:00:00,-1.5723261
2026-01-06 06:00:00,-0.95123786
2026-01-06 07:00:00,0.13182466
2026-01-06 08:00:00,0.6395523
2026-01-06 09:00:00,0.71473247
2026-01-06 10:00:00,0.6376132
2026-01-06 11:00:00,0.34605038
2026-01-06 12:00:00,-0.083892755
2026-01-06 13:00:00,-0.49187356
2026-01-06 14:00:00,-0.8216922
2026-01-06 15:00:00,-1.1117686
2026-01-06 16:00:00,-1.366838
2026-01-06 17:00:00,-1.4777647
2026-01-06 18:00:00,-0.6894625
2026-01-06 19:00:00,0.36161077
2026-01-06 20:00:00,0.8177365
2026-01-06 21:00:00,1.0060394
2026-01-06 22:00:00,1.0052634
2026-01-06 23:00:00,0.74100465
2026-01-07 00:00:00,0.2669138
2026-01-07 01:00:00,-0.19437006
2026-01-07 02:00:00,-0.567579
2026-01-07 03:00:00,-0.921255
2026-01-07 04:00:00,-1.2419338
2026-01-07 05:00:00,-1.4766135
2026-01-07 06:00:00,-1.5213069
2026-01-07 07:00:00,-0.52603114
2026-01-07 08:00:00,0.35210866
2026-01-07 09:00:00,0.6153261
2026-01-07 10:00:00,0.6651274
2026-01-07 11:00:00,0.55602705
2026-01-07 12:00:00,0.25595927
2026-01-07 13:00:00,-0.1778322
2026-01-07 14:00:00,-0.5639377
2026-01-07 15:00:00,-0.8549753
2026-01-07 16:00:00,-1.1367332
2026-01-07 17:00:00,-1.3455815
2026-01-07 18:00:00,-1.2859501
2026-01-07 19:00:00,-0.28749588
2026-01-07 20:00:00,0.51002204
2026-01-07 21:00:00,0.7438714
2026-01-07 22:00:00,0.85812473
2026-01-07 23:00:00,0.77379537
2026-01-08 00:00:00,0.46775508
